/Library/Python/2.7/site-packages/requests/packages/urllib3/util/ssl_.py:90: InsecurePlatformWarning: A true SSLContext object is not available. This prevents urllib3 from configuring SSL appropriately and may cause certain SSL connections to fail. For more information, see https://urllib3.readthedocs.org/en/latest/security.html#insecureplatformwarning.
  InsecurePlatformWarning
/Library/Python/2.7/site-packages/requests/packages/urllib3/util/ssl_.py:90: InsecurePlatformWarning: A true SSLContext object is not available. This prevents urllib3 from configuring SSL appropriately and may cause certain SSL connections to fail. For more information, see https://urllib3.readthedocs.org/en/latest/security.html#insecureplatformwarning.
  InsecurePlatformWarning
-0.022872,-0.022872,-0.000915,-0.022872,-0.022872,-0.000915,-0.029938,-0.029938,-0.001198,-0.415536,-3.799698,-6.139633,65867.623000
/Library/Python/2.7/site-packages/requests/packages/urllib3/util/ssl_.py:90: InsecurePlatformWarning: A true SSLContext object is not available. This prevents urllib3 from configuring SSL appropriately and may cause certain SSL connections to fail. For more information, see https://urllib3.readthedocs.org/en/latest/security.html#insecureplatformwarning.
  InsecurePlatformWarning
-0.009377,-0.025572,0.017979,0.013496,-0.002699,0.018894,0.005988,-0.001198,0.008383,-0.415536,-3.799698,-6.139633,65869.113000
/Library/Python/2.7/site-packages/requests/packages/urllib3/util/ssl_.py:90: InsecurePlatformWarning: A true SSLContext object is not available. This prevents urllib3 from configuring SSL appropriately and may cause certain SSL connections to fail. For more information, see https://urllib3.readthedocs.org/en/latest/security.html#insecureplatformwarning.
  InsecurePlatformWarning
-0.034566,-0.187505,0.251883,-0.025190,-0.161933,0.233904,-0.008383,-0.053888,0.077838,-0.415536,-3.799698,-6.139633,65869.864000
/Library/Python/2.7/site-packages/requests/packages/urllib3/util/ssl_.py:90: InsecurePlatformWarning: A true SSLContext object is not available. This prevents urllib3 from configuring SSL appropriately and may cause certain SSL connections to fail. For more information, see https://urllib3.readthedocs.org/en/latest/security.html#insecureplatformwarning.
  InsecurePlatformWarning
0.073815,-0.229915,0.313142,0.108381,-0.042410,0.061259,0.027543,-0.010778,0.015568,-0.415536,-3.799698,-6.139633,65870.794000
/Library/Python/2.7/site-packages/requests/packages/urllib3/util/ssl_.py:90: InsecurePlatformWarning: A true SSLContext object is not available. This prevents urllib3 from configuring SSL appropriately and may cause certain SSL connections to fail. For more information, see https://urllib3.readthedocs.org/en/latest/security.html#insecureplatformwarning.
  InsecurePlatformWarning
-0.255796,-0.223452,0.293753,-0.329611,0.006463,-0.019389,-0.061073,0.001198,-0.003593,-0.415536,-3.799698,-6.139633,65872.256000
/Library/Python/2.7/site-packages/requests/packages/urllib3/util/ssl_.py:90: InsecurePlatformWarning: A true SSLContext object is not available. This prevents urllib3 from configuring SSL appropriately and may cause certain SSL connections to fail. For more information, see https://urllib3.readthedocs.org/en/latest/security.html#insecureplatformwarning.
  InsecurePlatformWarning
-0.292542,-0.260197,-0.095750,-0.036746,-0.036746,-0.389503,-0.005988,-0.005988,-0.063468,-0.415536,-3.799698,-6.139633,65872.996000
/Library/Python/2.7/site-packages/requests/packages/urllib3/util/ssl_.py:90: InsecurePlatformWarning: A true SSLContext object is not available. This prevents urllib3 from configuring SSL appropriately and may cause certain SSL connections to fail. For more information, see https://urllib3.readthedocs.org/en/latest/security.html#insecureplatformwarning.
  InsecurePlatformWarning
-0.228156,-0.508545,-0.178533,0.064387,-0.248348,-0.082783,0.008383,-0.032333,-0.010778,-0.415536,-3.799698,-6.139633,65874.540000
/Library/Python/2.7/site-packages/requests/packages/urllib3/util/ssl_.py:90: InsecurePlatformWarning: A true SSLContext object is not available. This prevents urllib3 from configuring SSL appropriately and may cause certain SSL connections to fail. For more information, see https://urllib3.readthedocs.org/en/latest/security.html#insecureplatformwarning.
  InsecurePlatformWarning
-0.177812,-0.236691,0.012771,0.050343,0.271854,0.191305,0.005988,0.032333,0.022753,-0.415536,-3.799698,-6.139633,65875.267000
/Library/Python/2.7/site-packages/requests/packages/urllib3/util/ssl_.py:90: InsecurePlatformWarning: A true SSLContext object is not available. This prevents urllib3 from configuring SSL appropriately and may cause certain SSL connections to fail. For more information, see https://urllib3.readthedocs.org/en/latest/security.html#insecureplatformwarning.
  InsecurePlatformWarning
0.051887,0.058636,-0.588822,0.229699,0.295327,-0.601593,0.025148,0.032333,-0.065863,-0.415536,-3.799698,-6.139633,65875.993000
/Library/Python/2.7/site-packages/requests/packages/urllib3/util/ssl_.py:90: InsecurePlatformWarning: A true SSLContext object is not available. This prevents urllib3 from configuring SSL appropriately and may cause certain SSL connections to fail. For more information, see https://urllib3.readthedocs.org/en/latest/security.html#insecureplatformwarning.
  InsecurePlatformWarning
-0.062140,-0.004712,-0.348098,-0.114027,-0.063348,0.240723,-0.010778,-0.005988,0.022753,-0.415536,-3.799698,-6.139633,65877.439000
/Library/Python/2.7/site-packages/requests/packages/urllib3/util/ssl_.py:90: InsecurePlatformWarning: A true SSLContext object is not available. This prevents urllib3 from configuring SSL appropriately and may cause certain SSL connections to fail. For more information, see https://urllib3.readthedocs.org/en/latest/security.html#insecureplatformwarning.
  InsecurePlatformWarning
0.471243,0.041006,0.398638,0.533383,0.045719,0.746736,0.041913,0.003593,0.058678,-0.415536,-3.799698,-6.139633,65879.585000
/Library/Python/2.7/site-packages/requests/packages/urllib3/util/ssl_.py:90: InsecurePlatformWarning: A true SSLContext object is not available. This prevents urllib3 from configuring SSL appropriately and may cause certain SSL connections to fail. For more information, see https://urllib3.readthedocs.org/en/latest/security.html#insecureplatformwarning.
  InsecurePlatformWarning
0.584005,-0.071756,0.543618,0.112762,-0.112762,0.144980,0.008383,-0.008383,0.010778,-0.415536,-3.799698,-6.139633,65880.311000
/Library/Python/2.7/site-packages/requests/packages/urllib3/util/ssl_.py:90: InsecurePlatformWarning: A true SSLContext object is not available. This prevents urllib3 from configuring SSL appropriately and may cause certain SSL connections to fail. For more information, see https://urllib3.readthedocs.org/en/latest/security.html#insecureplatformwarning.
  InsecurePlatformWarning
0.529794,-0.198249,0.959238,-0.054211,-0.126493,0.415620,-0.003593,-0.008383,0.027543,-0.415536,-3.799698,-6.139633,65881.949000
/Library/Python/2.7/site-packages/requests/packages/urllib3/util/ssl_.py:90: InsecurePlatformWarning: A true SSLContext object is not available. This prevents urllib3 from configuring SSL appropriately and may cause certain SSL connections to fail. For more information, see https://urllib3.readthedocs.org/en/latest/security.html#insecureplatformwarning.
  InsecurePlatformWarning
0.890378,-0.217227,0.408872,0.360585,-0.018978,-0.550366,0.022753,-0.001198,-0.034728,-0.415536,-3.799698,-6.139633,65882.707000
/Library/Python/2.7/site-packages/requests/packages/urllib3/util/ssl_.py:90: InsecurePlatformWarning: A true SSLContext object is not available. This prevents urllib3 from configuring SSL appropriately and may cause certain SSL connections to fail. For more information, see https://urllib3.readthedocs.org/en/latest/security.html#insecureplatformwarning.
  InsecurePlatformWarning
0.869550,0.553420,-1.111593,-0.020828,0.770647,-1.520465,-0.001198,0.044308,-0.087418,-0.415536,-3.799698,-6.139633,65884.252000
/Library/Python/2.7/site-packages/requests/packages/urllib3/util/ssl_.py:90: InsecurePlatformWarning: A true SSLContext object is not available. This prevents urllib3 from configuring SSL appropriately and may cause certain SSL connections to fail. For more information, see https://urllib3.readthedocs.org/en/latest/security.html#insecureplatformwarning.
  InsecurePlatformWarning
0.937384,1.254372,-0.320195,0.067834,0.700953,0.791398,0.003593,0.037123,0.041913,-0.415536,-3.799698,-6.139633,65885.741000
/Library/Python/2.7/site-packages/requests/packages/urllib3/util/ssl_.py:90: InsecurePlatformWarning: A true SSLContext object is not available. This prevents urllib3 from configuring SSL appropriately and may cause certain SSL connections to fail. For more information, see https://urllib3.readthedocs.org/en/latest/security.html#insecureplatformwarning.
  InsecurePlatformWarning
0.819262,0.852756,0.034172,-0.118122,-0.401616,0.354367,-0.005988,-0.020358,0.017963,-0.415536,-3.799698,-6.139633,65886.587000
/Library/Python/2.7/site-packages/requests/packages/urllib3/util/ssl_.py:90: InsecurePlatformWarning: A true SSLContext object is not available. This prevents urllib3 from configuring SSL appropriately and may cause certain SSL connections to fail. For more information, see https://urllib3.readthedocs.org/en/latest/security.html#insecureplatformwarning.
  InsecurePlatformWarning
-0.018793,0.878152,0.770644,-0.838054,0.025396,0.736472,-0.039518,0.001198,0.034728,-0.415536,-3.799698,-6.139633,65888.066000
/Library/Python/2.7/site-packages/requests/packages/urllib3/util/ssl_.py:90: InsecurePlatformWarning: A true SSLContext object is not available. This prevents urllib3 from configuring SSL appropriately and may cause certain SSL connections to fail. For more information, see https://urllib3.readthedocs.org/en/latest/security.html#insecureplatformwarning.
  InsecurePlatformWarning
0.534055,0.483261,1.639404,0.552847,-0.394891,0.868760,0.025148,-0.017963,0.039518,-0.415536,-3.799698,-6.139633,65888.843000
/Library/Python/2.7/site-packages/requests/packages/urllib3/util/ssl_.py:90: InsecurePlatformWarning: A true SSLContext object is not available. This prevents urllib3 from configuring SSL appropriately and may cause certain SSL connections to fail. For more information, see https://urllib3.readthedocs.org/en/latest/security.html#insecureplatformwarning.
  InsecurePlatformWarning
0.398029,-0.577735,0.360768,-0.136025,-1.060996,-1.278636,-0.005988,-0.046703,-0.056283,-0.415536,-3.799698,-6.139633,65889.577000
/Library/Python/2.7/site-packages/requests/packages/urllib3/util/ssl_.py:90: InsecurePlatformWarning: A true SSLContext object is not available. This prevents urllib3 from configuring SSL appropriately and may cause certain SSL connections to fail. For more information, see https://urllib3.readthedocs.org/en/latest/security.html#insecureplatformwarning.
  InsecurePlatformWarning
-0.386299,-0.548686,1.493686,-0.784328,0.029049,1.132918,-0.032333,0.001198,0.046703,-0.415536,-3.799698,-6.139633,65891.117000
/Library/Python/2.7/site-packages/requests/packages/urllib3/util/ssl_.py:90: InsecurePlatformWarning: A true SSLContext object is not available. This prevents urllib3 from configuring SSL appropriately and may cause certain SSL connections to fail. For more information, see https://urllib3.readthedocs.org/en/latest/security.html#insecureplatformwarning.
  InsecurePlatformWarning
-1.017707,-0.217948,1.343351,-0.631409,0.330738,-0.150335,-0.025148,0.013173,-0.005988,-0.415536,-3.799698,-6.139633,65891.967000
/Library/Python/2.7/site-packages/requests/packages/urllib3/util/ssl_.py:90: InsecurePlatformWarning: A true SSLContext object is not available. This prevents urllib3 from configuring SSL appropriately and may cause certain SSL connections to fail. For more information, see https://urllib3.readthedocs.org/en/latest/security.html#insecureplatformwarning.
  InsecurePlatformWarning
-1.814710,0.260254,0.100027,-0.797003,0.478202,-1.243324,-0.029938,0.017963,-0.046703,-0.415536,-3.799698,-6.139633,65893.481000
/Library/Python/2.7/site-packages/requests/packages/urllib3/util/ssl_.py:90: InsecurePlatformWarning: A true SSLContext object is not available. This prevents urllib3 from configuring SSL appropriately and may cause certain SSL connections to fail. For more information, see https://urllib3.readthedocs.org/en/latest/security.html#insecureplatformwarning.
  InsecurePlatformWarning
-0.365957,0.024410,1.616164,1.448753,-0.235844,1.516137,0.051493,-0.008383,0.053888,-0.415536,-3.799698,-6.139633,65894.994000
/Library/Python/2.7/site-packages/requests/packages/urllib3/util/ssl_.py:90: InsecurePlatformWarning: A true SSLContext object is not available. This prevents urllib3 from configuring SSL appropriately and may cause certain SSL connections to fail. For more information, see https://urllib3.readthedocs.org/en/latest/security.html#insecureplatformwarning.
  InsecurePlatformWarning
-0.331373,0.128162,3.103279,0.034584,0.103752,1.487116,0.001198,0.003593,0.051493,-0.415536,-3.799698,-6.139633,65895.739000
/Library/Python/2.7/site-packages/requests/packages/urllib3/util/ssl_.py:90: InsecurePlatformWarning: A true SSLContext object is not available. This prevents urllib3 from configuring SSL appropriately and may cause certain SSL connections to fail. For more information, see https://urllib3.readthedocs.org/en/latest/security.html#insecureplatformwarning.
  InsecurePlatformWarning
2.393471,-0.198819,1.904348,2.724844,-0.326981,-1.198931,0.089813,-0.010778,-0.039518,-0.415536,-3.799698,-6.139633,65897.198000
/Library/Python/2.7/site-packages/requests/packages/urllib3/util/ssl_.py:90: InsecurePlatformWarning: A true SSLContext object is not available. This prevents urllib3 from configuring SSL appropriately and may cause certain SSL connections to fail. For more information, see https://urllib3.readthedocs.org/en/latest/security.html#insecureplatformwarning.
  InsecurePlatformWarning
2.728589,0.136299,-1.558541,0.335118,0.335118,-3.462889,0.010778,0.010778,-0.111368,-0.415536,-3.799698,-6.139633,65897.953000
/Library/Python/2.7/site-packages/requests/packages/urllib3/util/ssl_.py:90: InsecurePlatformWarning: A true SSLContext object is not available. This prevents urllib3 from configuring SSL appropriately and may cause certain SSL connections to fail. For more information, see https://urllib3.readthedocs.org/en/latest/security.html#insecureplatformwarning.
  InsecurePlatformWarning
4.720485,0.253470,3.245443,1.991896,0.117170,4.803984,0.061073,0.003593,0.147294,-0.415536,-3.799698,-6.139633,65899.474000
/Library/Python/2.7/site-packages/requests/packages/urllib3/util/ssl_.py:90: InsecurePlatformWarning: A true SSLContext object is not available. This prevents urllib3 from configuring SSL appropriately and may cause certain SSL connections to fail. For more information, see https://urllib3.readthedocs.org/en/latest/security.html#insecureplatformwarning.
  InsecurePlatformWarning
2.636491,-1.176722,2.877679,-2.083994,-1.430192,-0.367764,-0.061073,-0.041913,-0.010778,-0.415536,-3.799698,-6.139633,65900.982000
/Library/Python/2.7/site-packages/requests/packages/urllib3/util/ssl_.py:90: InsecurePlatformWarning: A true SSLContext object is not available. This prevents urllib3 from configuring SSL appropriately and may cause certain SSL connections to fail. For more information, see https://urllib3.readthedocs.org/en/latest/security.html#insecureplatformwarning.
  InsecurePlatformWarning
2.929596,-1.469827,4.175715,0.293105,-0.293105,1.298036,0.008383,-0.008383,0.037123,-0.415536,-3.799698,-6.139633,65901.825000
/Library/Python/2.7/site-packages/requests/packages/urllib3/util/ssl_.py:90: InsecurePlatformWarning: A true SSLContext object is not available. This prevents urllib3 from configuring SSL appropriately and may cause certain SSL connections to fail. For more information, see https://urllib3.readthedocs.org/en/latest/security.html#insecureplatformwarning.
  InsecurePlatformWarning
2.886860,-1.085197,1.996142,-0.042737,0.384631,-2.179573,-0.001198,0.010778,-0.061073,-0.415536,-3.799698,-6.139633,65902.547000
/Library/Python/2.7/site-packages/requests/packages/urllib3/util/ssl_.py:90: InsecurePlatformWarning: A true SSLContext object is not available. This prevents urllib3 from configuring SSL appropriately and may cause certain SSL connections to fail. For more information, see https://urllib3.readthedocs.org/en/latest/security.html#insecureplatformwarning.
  InsecurePlatformWarning
3.198917,-1.218936,3.467272,0.312058,-0.133739,1.471130,0.008383,-0.003593,0.039518,-0.415536,-3.799698,-6.139633,65904.086000
/Library/Python/2.7/site-packages/requests/packages/urllib3/util/ssl_.py:90: InsecurePlatformWarning: A true SSLContext object is not available. This prevents urllib3 from configuring SSL appropriately and may cause certain SSL connections to fail. For more information, see https://urllib3.readthedocs.org/en/latest/security.html#insecureplatformwarning.
  InsecurePlatformWarning
2.426303,-1.446175,1.603909,-0.772614,-0.227239,-1.863364,-0.020358,-0.005988,-0.049098,-0.415536,-3.799698,-6.139633,65904.811000
/Library/Python/2.7/site-packages/requests/packages/urllib3/util/ssl_.py:90: InsecurePlatformWarning: A true SSLContext object is not available. This prevents urllib3 from configuring SSL appropriately and may cause certain SSL connections to fail. For more information, see https://urllib3.readthedocs.org/en/latest/security.html#insecureplatformwarning.
  InsecurePlatformWarning
2.284344,0.399289,3.260095,-0.141959,1.845464,1.656186,-0.003593,0.046703,0.041913,-0.415536,-3.799698,-6.139633,65906.374000
/Library/Python/2.7/site-packages/requests/packages/urllib3/util/ssl_.py:90: InsecurePlatformWarning: A true SSLContext object is not available. This prevents urllib3 from configuring SSL appropriately and may cause certain SSL connections to fail. For more information, see https://urllib3.readthedocs.org/en/latest/security.html#insecureplatformwarning.
  InsecurePlatformWarning
4.356317,-1.287200,4.561100,2.071972,-1.686489,1.301006,0.051493,-0.041913,0.032333,-0.415536,-3.799698,-6.139633,65907.097000
/Library/Python/2.7/site-packages/requests/packages/urllib3/util/ssl_.py:90: InsecurePlatformWarning: A true SSLContext object is not available. This prevents urllib3 from configuring SSL appropriately and may cause certain SSL connections to fail. For more information, see https://urllib3.readthedocs.org/en/latest/security.html#insecureplatformwarning.
  InsecurePlatformWarning
1.556808,-2.050702,4.408400,-2.799508,-0.763502,-0.152700,-0.065863,-0.017963,-0.003593,-0.415536,-3.799698,-6.139633,65909.364000
/Library/Python/2.7/site-packages/requests/packages/urllib3/util/ssl_.py:90: InsecurePlatformWarning: A true SSLContext object is not available. This prevents urllib3 from configuring SSL appropriately and may cause certain SSL connections to fail. For more information, see https://urllib3.readthedocs.org/en/latest/security.html#insecureplatformwarning.
  InsecurePlatformWarning
0.870603,-1.153356,4.250045,-0.686205,0.897346,-0.158355,-0.015568,0.020358,-0.003593,-0.415536,-3.799698,-6.139633,65910.938000
/Library/Python/2.7/site-packages/requests/packages/urllib3/util/ssl_.py:90: InsecurePlatformWarning: A true SSLContext object is not available. This prevents urllib3 from configuring SSL appropriately and may cause certain SSL connections to fail. For more information, see https://urllib3.readthedocs.org/en/latest/security.html#insecureplatformwarning.
  InsecurePlatformWarning
1.784397,-0.132057,5.271345,0.913795,1.021300,1.021300,0.020358,0.022753,0.022753,-0.415536,-3.799698,-6.139633,65911.746000
/Library/Python/2.7/site-packages/requests/packages/urllib3/util/ssl_.py:90: InsecurePlatformWarning: A true SSLContext object is not available. This prevents urllib3 from configuring SSL appropriately and may cause certain SSL connections to fail. For more information, see https://urllib3.readthedocs.org/en/latest/security.html#insecureplatformwarning.
  InsecurePlatformWarning
3.931796,-0.407364,7.088374,2.147398,-0.275307,1.817029,0.046703,-0.005988,0.039518,-0.415536,-3.799698,-6.139633,65912.839000
/Library/Python/2.7/site-packages/requests/packages/urllib3/util/ssl_.py:90: InsecurePlatformWarning: A true SSLContext object is not available. This prevents urllib3 from configuring SSL appropriately and may cause certain SSL connections to fail. For more information, see https://urllib3.readthedocs.org/en/latest/security.html#insecureplatformwarning.
  InsecurePlatformWarning
6.079194,-0.682672,8.905404,2.147398,-0.275307,1.817029,0.046703,-0.005988,0.039518,-0.415536,-3.799698,-6.139633,65912.839000
/Library/Python/2.7/site-packages/requests/packages/urllib3/util/ssl_.py:90: InsecurePlatformWarning: A true SSLContext object is not available. This prevents urllib3 from configuring SSL appropriately and may cause certain SSL connections to fail. For more information, see https://urllib3.readthedocs.org/en/latest/security.html#insecureplatformwarning.
  InsecurePlatformWarning
9.147556,0.301520,7.110702,3.068361,0.984191,-1.794702,0.063468,0.020358,-0.037123,-0.415536,-3.799698,-6.139633,65915.204000
/Library/Python/2.7/site-packages/requests/packages/urllib3/util/ssl_.py:90: InsecurePlatformWarning: A true SSLContext object is not available. This prevents urllib3 from configuring SSL appropriately and may cause certain SSL connections to fail. For more information, see https://urllib3.readthedocs.org/en/latest/security.html#insecureplatformwarning.
  InsecurePlatformWarning
11.364544,2.158996,6.331760,2.216988,1.857477,-0.778942,0.044308,0.037123,-0.015568,-0.415536,-3.799698,-6.139633,65916.895000
/Library/Python/2.7/site-packages/requests/packages/urllib3/util/ssl_.py:90: InsecurePlatformWarning: A true SSLContext object is not available. This prevents urllib3 from configuring SSL appropriately and may cause certain SSL connections to fail. For more information, see https://urllib3.readthedocs.org/en/latest/security.html#insecureplatformwarning.
  InsecurePlatformWarning
7.235344,2.590405,8.981843,-4.129199,0.431409,2.650083,-0.080233,0.008383,0.051493,-0.415536,-3.799698,-6.139633,65918.324000
/Library/Python/2.7/site-packages/requests/packages/urllib3/util/ssl_.py:90: InsecurePlatformWarning: A true SSLContext object is not available. This prevents urllib3 from configuring SSL appropriately and may cause certain SSL connections to fail. For more information, see https://urllib3.readthedocs.org/en/latest/security.html#insecureplatformwarning.
  InsecurePlatformWarning
8.305506,3.156961,10.052005,1.070162,0.566556,1.070162,0.020358,0.010778,0.020358,-0.415536,-3.799698,-6.139633,65919.427000
/Library/Python/2.7/site-packages/requests/packages/urllib3/util/ssl_.py:90: InsecurePlatformWarning: A true SSLContext object is not available. This prevents urllib3 from configuring SSL appropriately and may cause certain SSL connections to fail. For more information, see https://urllib3.readthedocs.org/en/latest/security.html#insecureplatformwarning.
  InsecurePlatformWarning
7.852671,4.256703,8.822882,-0.452835,1.099741,-1.229123,-0.008383,0.020358,-0.022753,-0.415536,-3.799698,-6.139633,65920.880000
/Library/Python/2.7/site-packages/requests/packages/urllib3/util/ssl_.py:90: InsecurePlatformWarning: A true SSLContext object is not available. This prevents urllib3 from configuring SSL appropriately and may cause certain SSL connections to fail. For more information, see https://urllib3.readthedocs.org/en/latest/security.html#insecureplatformwarning.
  InsecurePlatformWarning
6.341540,4.453807,12.305055,-1.511132,0.197104,3.482173,-0.027543,0.003593,0.063468,-0.415536,-3.799698,-6.139633,65921.724000
/Library/Python/2.7/site-packages/requests/packages/urllib3/util/ssl_.py:90: InsecurePlatformWarning: A true SSLContext object is not available. This prevents urllib3 from configuring SSL appropriately and may cause certain SSL connections to fail. For more information, see https://urllib3.readthedocs.org/en/latest/security.html#insecureplatformwarning.
  InsecurePlatformWarning
5.058607,4.791421,11.967441,-1.282933,0.337614,-0.337614,-0.022753,0.005988,-0.005988,-0.415536,-3.799698,-6.139633,65923.245000
/Library/Python/2.7/site-packages/requests/packages/urllib3/util/ssl_.py:90: InsecurePlatformWarning: A true SSLContext object is not available. This prevents urllib3 from configuring SSL appropriately and may cause certain SSL connections to fail. For more information, see https://urllib3.readthedocs.org/en/latest/security.html#insecureplatformwarning.
  InsecurePlatformWarning
4.990030,3.214159,11.213098,-0.068577,-1.577262,-0.754343,-0.001198,-0.027543,-0.013173,-0.415536,-3.799698,-6.139633,65924.125000
/Library/Python/2.7/site-packages/requests/packages/urllib3/util/ssl_.py:90: InsecurePlatformWarning: A true SSLContext object is not available. This prevents urllib3 from configuring SSL appropriately and may cause certain SSL connections to fail. For more information, see https://urllib3.readthedocs.org/en/latest/security.html#insecureplatformwarning.
  InsecurePlatformWarning
4.216667,2.722019,13.251966,-0.773364,-0.492141,2.038868,-0.013173,-0.008383,0.034728,-0.415536,-3.799698,-6.139633,65925.569000
/Library/Python/2.7/site-packages/requests/packages/urllib3/util/ssl_.py:90: InsecurePlatformWarning: A true SSLContext object is not available. This prevents urllib3 from configuring SSL appropriately and may cause certain SSL connections to fail. For more information, see https://urllib3.readthedocs.org/en/latest/security.html#insecureplatformwarning.
  InsecurePlatformWarning
4.720920,2.361838,17.358030,0.504253,-0.360181,4.106063,0.008383,-0.005988,0.068258,-0.415536,-3.799698,-6.139633,65927.014000
/Library/Python/2.7/site-packages/requests/packages/urllib3/util/ssl_.py:90: InsecurePlatformWarning: A true SSLContext object is not available. This prevents urllib3 from configuring SSL appropriately and may cause certain SSL connections to fail. For more information, see https://urllib3.readthedocs.org/en/latest/security.html#insecureplatformwarning.
  InsecurePlatformWarning
5.669456,2.726659,16.847280,0.948536,0.364821,-0.510750,0.015568,0.005988,-0.008383,-0.415536,-3.799698,-6.139633,65927.789000
/Library/Python/2.7/site-packages/requests/packages/urllib3/util/ssl_.py:90: InsecurePlatformWarning: A true SSLContext object is not available. This prevents urllib3 from configuring SSL appropriately and may cause certain SSL connections to fail. For more information, see https://urllib3.readthedocs.org/en/latest/security.html#insecureplatformwarning.
  InsecurePlatformWarning
4.397692,1.006038,20.662571,-1.271764,-1.720622,3.815291,-0.020358,-0.027543,0.061073,-0.415536,-3.799698,-6.139633,65929.330000
/Library/Python/2.7/site-packages/requests/packages/urllib3/util/ssl_.py:90: InsecurePlatformWarning: A true SSLContext object is not available. This prevents urllib3 from configuring SSL appropriately and may cause certain SSL connections to fail. For more information, see https://urllib3.readthedocs.org/en/latest/security.html#insecureplatformwarning.
  InsecurePlatformWarning
5.699585,0.010472,20.585989,1.301893,-0.995565,-0.076582,0.020358,-0.015568,-0.001198,-0.415536,-3.799698,-6.139633,65930.810000
/Library/Python/2.7/site-packages/requests/packages/urllib3/util/ssl_.py:90: InsecurePlatformWarning: A true SSLContext object is not available. This prevents urllib3 from configuring SSL appropriately and may cause certain SSL connections to fail. For more information, see https://urllib3.readthedocs.org/en/latest/security.html#insecureplatformwarning.
  InsecurePlatformWarning
7.949876,0.398453,21.594740,2.250291,0.387981,1.008751,0.034728,0.005988,0.015568,-0.415536,-3.799698,-6.139633,65931.657000
/Library/Python/2.7/site-packages/requests/packages/urllib3/util/ssl_.py:90: InsecurePlatformWarning: A true SSLContext object is not available. This prevents urllib3 from configuring SSL appropriately and may cause certain SSL connections to fail. For more information, see https://urllib3.readthedocs.org/en/latest/security.html#insecureplatformwarning.
  InsecurePlatformWarning
5.647632,-2.221341,19.927598,-2.302244,-2.619795,-1.667142,-0.034728,-0.039518,-0.025148,-0.415536,-3.799698,-6.139633,65933.153000
/Library/Python/2.7/site-packages/requests/packages/urllib3/util/ssl_.py:90: InsecurePlatformWarning: A true SSLContext object is not available. This prevents urllib3 from configuring SSL appropriately and may cause certain SSL connections to fail. For more information, see https://urllib3.readthedocs.org/en/latest/security.html#insecureplatformwarning.
  InsecurePlatformWarning
11.186612,-5.352069,17.760172,5.538980,-3.130728,-2.167427,0.082628,-0.046703,-0.032333,-0.415536,-3.799698,-6.139633,65933.894000
/Library/Python/2.7/site-packages/requests/packages/urllib3/util/ssl_.py:90: InsecurePlatformWarning: A true SSLContext object is not available. This prevents urllib3 from configuring SSL appropriately and may cause certain SSL connections to fail. For more information, see https://urllib3.readthedocs.org/en/latest/security.html#insecureplatformwarning.
  InsecurePlatformWarning
6.839878,-8.714637,21.450795,-4.346734,-3.362568,3.690623,-0.063468,-0.049098,0.053888,-0.415536,-3.799698,-6.139633,65935.346000
/Library/Python/2.7/site-packages/requests/packages/urllib3/util/ssl_.py:90: InsecurePlatformWarning: A true SSLContext object is not available. This prevents urllib3 from configuring SSL appropriately and may cause certain SSL connections to fail. For more information, see https://urllib3.readthedocs.org/en/latest/security.html#insecureplatformwarning.
  InsecurePlatformWarning
5.099430,-7.139946,25.843353,-1.740448,1.574691,4.392558,-0.025148,0.022753,0.063468,-0.415536,-3.799698,-6.139633,65936.068000
/Library/Python/2.7/site-packages/requests/packages/urllib3/util/ssl_.py:90: InsecurePlatformWarning: A true SSLContext object is not available. This prevents urllib3 from configuring SSL appropriately and may cause certain SSL connections to fail. For more information, see https://urllib3.readthedocs.org/en/latest/security.html#insecureplatformwarning.
  InsecurePlatformWarning
6.355881,-5.213388,22.073999,1.256451,1.926559,-3.769354,0.017963,0.027543,-0.053888,-0.415536,-3.799698,-6.139633,65936.807000
/Library/Python/2.7/site-packages/requests/packages/urllib3/util/ssl_.py:90: InsecurePlatformWarning: A true SSLContext object is not available. This prevents urllib3 from configuring SSL appropriately and may cause certain SSL connections to fail. For more information, see https://urllib3.readthedocs.org/en/latest/security.html#insecureplatformwarning.
  InsecurePlatformWarning
6.441514,-4.956489,28.496454,0.085633,0.256898,6.422454,0.001198,0.003593,0.089813,-0.415536,-3.799698,-6.139633,65938.368000
/Library/Python/2.7/site-packages/requests/packages/urllib3/util/ssl_.py:90: InsecurePlatformWarning: A true SSLContext object is not available. This prevents urllib3 from configuring SSL appropriately and may cause certain SSL connections to fail. For more information, see https://urllib3.readthedocs.org/en/latest/security.html#insecureplatformwarning.
  InsecurePlatformWarning
4.960351,-4.695108,24.052966,-1.481163,0.261382,-4.443488,-0.020358,0.003593,-0.061073,-0.415536,-3.799698,-6.139633,65939.616000
/Library/Python/2.7/site-packages/requests/packages/urllib3/util/ssl_.py:90: InsecurePlatformWarning: A true SSLContext object is not available. This prevents urllib3 from configuring SSL appropriately and may cause certain SSL connections to fail. For more information, see https://urllib3.readthedocs.org/en/latest/security.html#insecureplatformwarning.
  InsecurePlatformWarning
8.216669,-2.846927,25.373094,3.256318,1.848180,1.320129,0.044308,0.025148,0.017963,-0.415536,-3.799698,-6.139633,65940.352000
/Library/Python/2.7/site-packages/requests/packages/urllib3/util/ssl_.py:90: InsecurePlatformWarning: A true SSLContext object is not available. This prevents urllib3 from configuring SSL appropriately and may cause certain SSL connections to fail. For more information, see https://urllib3.readthedocs.org/en/latest/security.html#insecureplatformwarning.
  InsecurePlatformWarning
14.769014,1.551222,33.182053,6.552345,4.398149,7.808959,0.087418,0.058678,0.104183,-0.415536,-3.799698,-6.139633,65941.813000
/Library/Python/2.7/site-packages/requests/packages/urllib3/util/ssl_.py:90: InsecurePlatformWarning: A true SSLContext object is not available. This prevents urllib3 from configuring SSL appropriately and may cause certain SSL connections to fail. For more information, see https://urllib3.readthedocs.org/en/latest/security.html#insecureplatformwarning.
  InsecurePlatformWarning
15.410322,0.360221,34.556285,0.641308,-1.191001,1.374232,0.008383,-0.015568,0.017963,-0.415536,-3.799698,-6.139633,65943.364000
/Library/Python/2.7/site-packages/requests/packages/urllib3/util/ssl_.py:90: InsecurePlatformWarning: A true SSLContext object is not available. This prevents urllib3 from configuring SSL appropriately and may cause certain SSL connections to fail. For more information, see https://urllib3.readthedocs.org/en/latest/security.html#insecureplatformwarning.
  InsecurePlatformWarning
16.243128,2.858638,38.350178,0.832806,2.498417,3.793893,0.010778,0.032333,0.049098,-0.415536,-3.799698,-6.139633,65944.131000
/Library/Python/2.7/site-packages/requests/packages/urllib3/util/ssl_.py:90: InsecurePlatformWarning: A true SSLContext object is not available. This prevents urllib3 from configuring SSL appropriately and may cause certain SSL connections to fail. For more information, see https://urllib3.readthedocs.org/en/latest/security.html#insecureplatformwarning.
  InsecurePlatformWarning
15.960205,2.198485,40.896481,-0.282922,-0.660152,2.546302,-0.003593,-0.008383,0.032333,-0.415536,-3.799698,-6.139633,65945.612000
/Library/Python/2.7/site-packages/requests/packages/urllib3/util/ssl_.py:90: InsecurePlatformWarning: A true SSLContext object is not available. This prevents urllib3 from configuring SSL appropriately and may cause certain SSL connections to fail. For more information, see https://urllib3.readthedocs.org/en/latest/security.html#insecureplatformwarning.
  InsecurePlatformWarning
19.129653,2.678705,37.534945,3.169448,0.480219,-3.361536,0.039518,0.005988,-0.041913,-0.415536,-3.799698,-6.139633,65947.062000
/Library/Python/2.7/site-packages/requests/packages/urllib3/util/ssl_.py:90: InsecurePlatformWarning: A true SSLContext object is not available. This prevents urllib3 from configuring SSL appropriately and may cause certain SSL connections to fail. For more information, see https://urllib3.readthedocs.org/en/latest/security.html#insecureplatformwarning.
  InsecurePlatformWarning
19.420436,0.837080,38.988859,0.290783,-1.841625,1.453915,0.003593,-0.022753,0.017963,-0.415536,-3.799698,-6.139633,65947.800000
/Library/Python/2.7/site-packages/requests/packages/urllib3/util/ssl_.py:90: InsecurePlatformWarning: A true SSLContext object is not available. This prevents urllib3 from configuring SSL appropriately and may cause certain SSL connections to fail. For more information, see https://urllib3.readthedocs.org/en/latest/security.html#insecureplatformwarning.
  InsecurePlatformWarning
15.960866,0.145166,37.703876,-3.459570,-0.691914,-1.284983,-0.041913,-0.008383,-0.015568,-0.415536,-3.799698,-6.139633,65949.401000
/Library/Python/2.7/site-packages/requests/packages/urllib3/util/ssl_.py:90: InsecurePlatformWarning: A true SSLContext object is not available. This prevents urllib3 from configuring SSL appropriately and may cause certain SSL connections to fail. For more information, see https://urllib3.readthedocs.org/en/latest/security.html#insecureplatformwarning.
  InsecurePlatformWarning
16.259991,-0.353376,40.794832,0.299125,-0.498541,3.090956,0.003593,-0.005988,0.037123,-0.415536,-3.799698,-6.139633,65950.122000
/Library/Python/2.7/site-packages/requests/packages/urllib3/util/ssl_.py:90: InsecurePlatformWarning: A true SSLContext object is not available. This prevents urllib3 from configuring SSL appropriately and may cause certain SSL connections to fail. For more information, see https://urllib3.readthedocs.org/en/latest/security.html#insecureplatformwarning.
  InsecurePlatformWarning
20.626333,0.560510,45.567346,4.366342,0.913886,4.772514,0.051493,0.010778,0.056283,-0.415536,-3.799698,-6.139633,65951.654000
/Library/Python/2.7/site-packages/requests/packages/urllib3/util/ssl_.py:90: InsecurePlatformWarning: A true SSLContext object is not available. This prevents urllib3 from configuring SSL appropriately and may cause certain SSL connections to fail. For more information, see https://urllib3.readthedocs.org/en/latest/security.html#insecureplatformwarning.
  InsecurePlatformWarning
22.178629,-1.819677,45.463859,1.552296,-2.380187,-0.103486,0.017963,-0.027543,-0.001198,-0.415536,-3.799698,-6.139633,65953.277000
/Library/Python/2.7/site-packages/requests/packages/urllib3/util/ssl_.py:90: InsecurePlatformWarning: A true SSLContext object is not available. This prevents urllib3 from configuring SSL appropriately and may cause certain SSL connections to fail. For more information, see https://urllib3.readthedocs.org/en/latest/security.html#insecureplatformwarning.
  InsecurePlatformWarning
19.568926,-1.088960,46.194576,-2.609703,0.730717,0.730717,-0.029938,0.008383,0.008383,-0.415536,-3.799698,-6.139633,65954.030000
/Library/Python/2.7/site-packages/requests/packages/urllib3/util/ssl_.py:90: InsecurePlatformWarning: A true SSLContext object is not available. This prevents urllib3 from configuring SSL appropriately and may cause certain SSL connections to fail. For more information, see https://urllib3.readthedocs.org/en/latest/security.html#insecureplatformwarning.
  InsecurePlatformWarning
15.850503,-2.895052,50.125481,-3.718423,-1.806091,3.930905,-0.041913,-0.020358,0.044308,-0.415536,-3.799698,-6.139633,65955.577000
/Library/Python/2.7/site-packages/requests/packages/urllib3/util/ssl_.py:90: InsecurePlatformWarning: A true SSLContext object is not available. This prevents urllib3 from configuring SSL appropriately and may cause certain SSL connections to fail. For more information, see https://urllib3.readthedocs.org/en/latest/security.html#insecureplatformwarning.
  InsecurePlatformWarning
17.038817,-3.651252,54.554652,1.188314,-0.756200,4.429171,0.013173,-0.008383,0.049098,-0.415536,-3.799698,-6.139633,65957.070000
/Library/Python/2.7/site-packages/requests/packages/urllib3/util/ssl_.py:90: InsecurePlatformWarning: A true SSLContext object is not available. This prevents urllib3 from configuring SSL appropriately and may cause certain SSL connections to fail. For more information, see https://urllib3.readthedocs.org/en/latest/security.html#insecureplatformwarning.
  InsecurePlatformWarning
19.545232,-7.029464,57.496966,2.506415,-3.378212,2.942314,0.027543,-0.037123,0.032333,-0.415536,-3.799698,-6.139633,65957.860000
/Library/Python/2.7/site-packages/requests/packages/urllib3/util/ssl_.py:90: InsecurePlatformWarning: A true SSLContext object is not available. This prevents urllib3 from configuring SSL appropriately and may cause certain SSL connections to fail. For more information, see https://urllib3.readthedocs.org/en/latest/security.html#insecureplatformwarning.
  InsecurePlatformWarning
20.762895,-5.369015,57.829055,1.217663,1.660449,0.332090,0.013173,0.017963,0.003593,-0.415536,-3.799698,-6.139633,65959.298000
/Library/Python/2.7/site-packages/requests/packages/urllib3/util/ssl_.py:90: InsecurePlatformWarning: A true SSLContext object is not available. This prevents urllib3 from configuring SSL appropriately and may cause certain SSL connections to fail. For more information, see https://urllib3.readthedocs.org/en/latest/security.html#insecureplatformwarning.
  InsecurePlatformWarning
21.100334,-9.305804,57.266657,0.337439,-3.936789,-0.562398,0.003593,-0.041913,-0.005988,-0.415536,-3.799698,-6.139633,65960.787000
/Library/Python/2.7/site-packages/requests/packages/urllib3/util/ssl_.py:90: InsecurePlatformWarning: A true SSLContext object is not available. This prevents urllib3 from configuring SSL appropriately and may cause certain SSL connections to fail. For more information, see https://urllib3.readthedocs.org/en/latest/security.html#insecureplatformwarning.
  InsecurePlatformWarning
23.707583,-12.139771,63.728101,2.607249,-2.833967,6.461444,0.027543,-0.029938,0.068258,-0.415536,-3.799698,-6.139633,65961.521000
/Library/Python/2.7/site-packages/requests/packages/urllib3/util/ssl_.py:90: InsecurePlatformWarning: A true SSLContext object is not available. This prevents urllib3 from configuring SSL appropriately and may cause certain SSL connections to fail. For more information, see https://urllib3.readthedocs.org/en/latest/security.html#insecureplatformwarning.
  InsecurePlatformWarning
25.436129,-9.950280,64.995701,1.728545,2.189491,1.267600,0.017963,0.022753,0.013173,-0.415536,-3.799698,-6.139633,65963.089000
/Library/Python/2.7/site-packages/requests/packages/urllib3/util/ssl_.py:90: InsecurePlatformWarning: A true SSLContext object is not available. This prevents urllib3 from configuring SSL appropriately and may cause certain SSL connections to fail. For more information, see https://urllib3.readthedocs.org/en/latest/security.html#insecureplatformwarning.
  InsecurePlatformWarning
26.946376,-10.995835,72.779280,1.510247,-1.045555,7.783579,0.015568,-0.010778,0.080233,-0.415536,-3.799698,-6.139633,65963.871000
/Library/Python/2.7/site-packages/requests/packages/urllib3/util/ssl_.py:90: InsecurePlatformWarning: A true SSLContext object is not available. This prevents urllib3 from configuring SSL appropriately and may cause certain SSL connections to fail. For more information, see https://urllib3.readthedocs.org/en/latest/security.html#insecureplatformwarning.
  InsecurePlatformWarning
30.368278,-9.225886,77.381148,3.421902,1.769949,4.601868,0.034728,0.017963,0.046703,-0.415536,-3.799698,-6.139633,65965.394000
/Library/Python/2.7/site-packages/requests/packages/urllib3/util/ssl_.py:90: InsecurePlatformWarning: A true SSLContext object is not available. This prevents urllib3 from configuring SSL appropriately and may cause certain SSL connections to fail. For more information, see https://urllib3.readthedocs.org/en/latest/security.html#insecureplatformwarning.
  InsecurePlatformWarning
32.151933,-11.485182,86.061602,1.783655,-2.259296,8.680454,0.017963,-0.022753,0.087418,-0.415536,-3.799698,-6.139633,65966.157000
/Library/Python/2.7/site-packages/requests/packages/urllib3/util/ssl_.py:90: InsecurePlatformWarning: A true SSLContext object is not available. This prevents urllib3 from configuring SSL appropriately and may cause certain SSL connections to fail. For more information, see https://urllib3.readthedocs.org/en/latest/security.html#insecureplatformwarning.
  InsecurePlatformWarning
25.994003,-10.881463,81.111110,-6.157929,0.603719,-4.950492,-0.061073,0.005988,-0.049098,-0.415536,-3.799698,-6.139633,65967.688000
/Library/Python/2.7/site-packages/requests/packages/urllib3/util/ssl_.py:90: InsecurePlatformWarning: A true SSLContext object is not available. This prevents urllib3 from configuring SSL appropriately and may cause certain SSL connections to fail. For more information, see https://urllib3.readthedocs.org/en/latest/security.html#insecureplatformwarning.
  InsecurePlatformWarning
24.890163,-11.249410,86.139717,-1.103841,-0.367947,5.028607,-0.010778,-0.003593,0.049098,-0.415536,-3.799698,-6.139633,65969.279000
/Library/Python/2.7/site-packages/requests/packages/urllib3/util/ssl_.py:90: InsecurePlatformWarning: A true SSLContext object is not available. This prevents urllib3 from configuring SSL appropriately and may cause certain SSL connections to fail. For more information, see https://urllib3.readthedocs.org/en/latest/security.html#insecureplatformwarning.
  InsecurePlatformWarning
22.543178,-11.867038,86.510293,-2.346985,-0.617628,0.370577,-0.022753,-0.005988,0.003593,-0.415536,-3.799698,-6.139633,65970.011000
/Library/Python/2.7/site-packages/requests/packages/urllib3/util/ssl_.py:90: InsecurePlatformWarning: A true SSLContext object is not available. This prevents urllib3 from configuring SSL appropriately and may cause certain SSL connections to fail. For more information, see https://urllib3.readthedocs.org/en/latest/security.html#insecureplatformwarning.
  InsecurePlatformWarning
19.598365,-13.019356,78.444066,-2.944813,-1.152318,-8.066227,-0.027543,-0.010778,-0.075443,-0.415536,-3.799698,-6.139633,65973.777000
/Library/Python/2.7/site-packages/requests/packages/urllib3/util/ssl_.py:90: InsecurePlatformWarning: A true SSLContext object is not available. This prevents urllib3 from configuring SSL appropriately and may cause certain SSL connections to fail. For more information, see https://urllib3.readthedocs.org/en/latest/security.html#insecureplatformwarning.
  InsecurePlatformWarning
22.328651,-13.929452,78.054025,2.730286,-0.910095,-0.390041,0.025148,-0.008383,-0.003593,-0.415536,-3.799698,-6.139633,65975.429000
/Library/Python/2.7/site-packages/requests/packages/urllib3/util/ssl_.py:90: InsecurePlatformWarning: A true SSLContext object is not available. This prevents urllib3 from configuring SSL appropriately and may cause certain SSL connections to fail. For more information, see https://urllib3.readthedocs.org/en/latest/security.html#insecureplatformwarning.
  InsecurePlatformWarning